Name,Stars,Location,Tags
Boomerang Pet ID Tags,5.0,"Pismo Beach, United States",Pet Supply Store
PopArtYou,5.0,"Spokane, United States",Portrait Studio·Gift Shop·Pet Supply Store·Graphic Designer·Photo Printing Service
Paw Print Genetics,4.9,"Lexington, United States",Veterinarian·Pharmacy
Vetpetni,4.9,"PEWSEY, United States",Veterinarian·Pet Supply Store·Pet Store·Animal Feed Store
TadiBrothers,4.9,"Charleston, United States",Electronics Store·Truck Parts Supplier·Auto Repair Shop·Horse Transport Supplier·Auto Body Parts Supplier
CollarTags,4.9,"Spokane, United States",Animals & Pets
Bluegrass Hemp Oil,4.9,"Jupiter, Florida, United States",Vitamin and Supplements Store·Homeopath·Cannabis store·Health and Beauty Shop·Animal Hospital·Natural Foods Store
Pet Rebellion,4.9,"Asheville, United States",Pet Store
We Feed Raw,4.9,"Livingston, United States",Pet Store·Pet Supply Store
My CatScan,4.9,"Mount Joy, PA, United States",Animals & Pets
Life's Abundance,4.8,"Durango, United States",Pet Store·Hobby Store
BarkBox,4.8,"Vergennes, United States",Animals & Pets
Dog Tag Art,4.8,"Costa Mesa, United States",Pet Store
ValuePetSupplies,4.8,"Dripping Springs, United States",Pet Supply Store·Animal Feed Store·Aquarium Shop·Pet Store
